frame_length,mean_accuracy,std_accuracy
0.025,0.756015037593985,0.03815187552065667
0.05,0.7530075187969925,0.03245081772866401
0.1,0.7537593984962406,0.03444520022650986
0.2,0.7484962406015037,0.03449440182315391
0.5,0.7421052631578947,0.030458088872976092
