window,accuracy
hann,0.7481203007518797
hamming,0.7481203007518797
blackman,0.7481203007518797
bartlett,0.7481203007518797
boxcar,0.7481203007518797
